{
  "$schema": "https://developer.microsoft.com/json-schemas/core-build/serve.schema.json",
  "port": 4321,
  "https": true,
  "serveConfigurations": {
    "default": {
      "pageUrl": "https://dwdev365.sharepoint.com/sites/beezy/SitePages/Test123.aspx",
      "customActions": {
        "f8e9c701-1106-4d2b-9496-5478af793cd5": {
          "location": "ClientSideExtension.ApplicationCustomizer",
          "properties": {
            "cssfile":"/Style Library/dw-dashboard.css",
            "pages":["/sitepages/rc.aspx","/sitepages/dw-dashboard.aspx","/sitepages/Test123.aspx"]
           }
        }
      }
    },
    "dashboard": {
      "pageUrl": "https://contoso.sharepoint.com/sites/mySite/SitePages/Test123.aspx",
      "customActions": {
        "f8e9c701-1106-4d2b-9496-5478af793cd5": {
          "location": "ClientSideExtension.ApplicationCustomizer",
          "properties": {
            "cssfile":"/Style Library/dw-dashboard.css",
            "pages":["/sitepages/rc.aspx","/sitepages/dw-dashboard.aspx","/sitepages/Test123.aspx"]
           }
        }
      }
    }
  }
}
