<?xml version="1.0"?>
<doc>
    <assembly>
        <name>Microsoft.Azure.WebJobs.Extensions.OpenApi</name>
    </assembly>
    <members>
        <member name="T:Microsoft.Azure.WebJobs.Extensions.OpenApi.Configurations.OpenApiAuthLevelSettings">
            <summary>
            This represents the environment variable settings entity for OpenAPI document auth level.
            </summary>
        </member>
        <member name="P:Microsoft.Azure.WebJobs.Extensions.OpenApi.Configurations.OpenApiAuthLevelSettings.Document">
            <summary>
            Gets or sets the <see cref="T:Microsoft.Azure.WebJobs.Extensions.Http.AuthorizationLevel"/> value for OpenAPI document rendering endpoints.
            </summary>
        </member>
        <member name="P:Microsoft.Azure.WebJobs.Extensions.OpenApi.Configurations.OpenApiAuthLevelSettings.UI">
            <summary>
            Gets or sets the <see cref="T:Microsoft.Azure.WebJobs.Extensions.Http.AuthorizationLevel"/> value for Swagger UI page rendering endpoints.
            </summary>
        </member>
        <member name="T:Microsoft.Azure.WebJobs.Extensions.OpenApi.Configurations.OpenApiSettings">
            <summary>
            This represents the environment variable settings entity for OpenAPI document.
            </summary>
        </member>
        <member name="P:Microsoft.Azure.WebJobs.Extensions.OpenApi.Configurations.OpenApiSettings.HideSwaggerUI">
            <summary>
            Gets or sets the value indicating whether to hide the Swagger UI page or not.
            </summary>
        </member>
        <member name="P:Microsoft.Azure.WebJobs.Extensions.OpenApi.Configurations.OpenApiSettings.AuthKey">
            <summary>
            Gets or sets the API key to access to OpenAPI document.
            </summary>
        </member>
        <member name="P:Microsoft.Azure.WebJobs.Extensions.OpenApi.Configurations.OpenApiSettings.AuthLevel">
            <summary>
            Gets or sets the <see cref="T:Microsoft.Azure.WebJobs.Extensions.OpenApi.Configurations.OpenApiAuthLevelSettings"/> object.
            </summary>
        </member>
        <member name="P:Microsoft.Azure.WebJobs.Extensions.OpenApi.Configurations.OpenApiSettings.BackendProxyUrl">
            <summary>
            Gets or sets the backend URL for Azure Functions Proxy.
            </summary>
        </member>
        <member name="T:Microsoft.Azure.WebJobs.Extensions.OpenApi.DependencyManifest">
            <summary>
            This represents the dependency manifest entity.
            </summary>
        </member>
        <member name="P:Microsoft.Azure.WebJobs.Extensions.OpenApi.DependencyManifest.RuntimeTarget">
            <summary>
            Gets or sets the runtime target that indicates the current runtime;
            </summary>
        </member>
        <member name="P:Microsoft.Azure.WebJobs.Extensions.OpenApi.DependencyManifest.Targets">
            <summary>
            Gets or sets the collection of runtime packages.
            </summary>
        </member>
        <member name="T:Microsoft.Azure.WebJobs.Extensions.OpenApi.RuntimeTarget">
            <summary>
            This represents the runtime target entity.
            </summary>
        </member>
        <member name="P:Microsoft.Azure.WebJobs.Extensions.OpenApi.RuntimeTarget.Name">
            <summary>
            Gets or sets the runtime target name.
            </summary>
        </member>
        <member name="P:Microsoft.Azure.WebJobs.Extensions.OpenApi.RuntimeTarget.Signature">
            <summary>
            Gets or sets the runtime target signature.
            </summary>
        </member>
        <member name="T:Microsoft.Azure.WebJobs.Extensions.OpenApi.RuntimePackage">
            <summary>
            This represents the runtime package entity.
            </summary>
        </member>
        <member name="P:Microsoft.Azure.WebJobs.Extensions.OpenApi.RuntimePackage.Dependencies">
            <summary>
            Gets or sets the collection of dependent packages.
            </summary>
        </member>
        <member name="P:Microsoft.Azure.WebJobs.Extensions.OpenApi.RuntimePackage.Runtime">
            <summary>
            Gets or sets the collection of runtime libraries.
            </summary>
        </member>
        <member name="T:Microsoft.Azure.WebJobs.Extensions.OpenApi.HttpBindingMetadata">
            <summary>
            This represents the metadata entity for HTTP trigger binding.
            </summary>
        </member>
        <member name="P:Microsoft.Azure.WebJobs.Extensions.OpenApi.HttpBindingMetadata.Name">
            <summary>
            Gets or sets the name of the binding parameter. Default value is <c>req</c>.
            </summary>
        </member>
        <member name="P:Microsoft.Azure.WebJobs.Extensions.OpenApi.HttpBindingMetadata.Type">
            <summary>
            Gets or sets the binding type. Default value is <c>httpTrigger</c>.
            </summary>
        </member>
        <member name="P:Microsoft.Azure.WebJobs.Extensions.OpenApi.HttpBindingMetadata.Direction">
            <summary>
            Gets or sets the binding direction. Default value is <see cref="F:Microsoft.Azure.WebJobs.Script.Description.BindingDirection.In"/>.
            </summary>
        </member>
        <member name="P:Microsoft.Azure.WebJobs.Extensions.OpenApi.HttpBindingMetadata.DataType">
            <summary>
            Gets or sets the binding data type.
            </summary>
        </member>
        <member name="P:Microsoft.Azure.WebJobs.Extensions.OpenApi.HttpBindingMetadata.Route">
            <summary>
            Gets or sets the HTTP endpoint route template.
            </summary>
        </member>
        <member name="P:Microsoft.Azure.WebJobs.Extensions.OpenApi.HttpBindingMetadata.WebHookType">
            <summary>
            Gets or sets the webhook type, handled by the trigger.
            </summary>
        </member>
        <member name="P:Microsoft.Azure.WebJobs.Extensions.OpenApi.HttpBindingMetadata.AuthLevel">
            <summary>
            Gets or sets the HTTP endpoint authorisation level. Default value is <cref see="AuthorizationLevel.Function"/>.
            </summary>
        </member>
        <member name="P:Microsoft.Azure.WebJobs.Extensions.OpenApi.HttpBindingMetadata.Methods">
            <summary>
            Gets or sets the list of the HTTP verbs. Default values are <c>GET</c> and <c>POST</c>.
            </summary>
        </member>
        <member name="T:Microsoft.Azure.WebJobs.Extensions.OpenApi.IOpenApiHttpTriggerContext">
            <summary>
            This provides interfaces to <see cref="T:Microsoft.Azure.WebJobs.Extensions.OpenApi.OpenApiHttpTriggerContext"/>.
            </summary>
        </member>
        <member name="P:Microsoft.Azure.WebJobs.Extensions.OpenApi.IOpenApiHttpTriggerContext.ApplicationAssembly">
            <summary>
            Gets the <see cref="T:System.Reflection.Assembly"/> instance representing the Azure Functions app.
            </summary>
        </member>
        <member name="P:Microsoft.Azure.WebJobs.Extensions.OpenApi.IOpenApiHttpTriggerContext.PackageAssembly">
            <summary>
            Gets the <see cref="T:System.Reflection.Assembly"/> instance representing the Azure Functions OpenAPI Extension package.
            </summary>
        </member>
        <member name="P:Microsoft.Azure.WebJobs.Extensions.OpenApi.IOpenApiHttpTriggerContext.OpenApiConfigurationOptions">
            <summary>
            Gets the <see cref="T:Microsoft.Azure.WebJobs.Extensions.OpenApi.Core.Abstractions.IOpenApiConfigurationOptions"/> instance.
            </summary>
        </member>
        <member name="P:Microsoft.Azure.WebJobs.Extensions.OpenApi.IOpenApiHttpTriggerContext.OpenApiCustomUIOptions">
            <summary>
            Gets the <see cref="T:Microsoft.Azure.WebJobs.Extensions.OpenApi.Core.Abstractions.IOpenApiCustomUIOptions"/> instance.
            </summary>
        </member>
        <member name="P:Microsoft.Azure.WebJobs.Extensions.OpenApi.IOpenApiHttpTriggerContext.HttpSettings">
            <summary>
            Gets the <see cref="P:Microsoft.Azure.WebJobs.Extensions.OpenApi.IOpenApiHttpTriggerContext.HttpSettings"/> instance.
            </summary>
        </member>
        <member name="P:Microsoft.Azure.WebJobs.Extensions.OpenApi.IOpenApiHttpTriggerContext.Document">
            <summary>
            Gets the <see cref="T:Microsoft.Azure.WebJobs.Extensions.OpenApi.Core.Abstractions.IDocument"/> instance.
            </summary>
        </member>
        <member name="P:Microsoft.Azure.WebJobs.Extensions.OpenApi.IOpenApiHttpTriggerContext.SwaggerUI">
            <summary>
            Gets the <see cref="T:Microsoft.Azure.WebJobs.Extensions.OpenApi.Core.Abstractions.ISwaggerUI"/> instance.
            </summary>
        </member>
        <member name="P:Microsoft.Azure.WebJobs.Extensions.OpenApi.IOpenApiHttpTriggerContext.NamingStrategy">
            <summary>
            Gets the <see cref="P:Microsoft.Azure.WebJobs.Extensions.OpenApi.IOpenApiHttpTriggerContext.NamingStrategy"/> instance.
            </summary>
        </member>
        <member name="P:Microsoft.Azure.WebJobs.Extensions.OpenApi.IOpenApiHttpTriggerContext.IsDevelopment">
            <summary>
            Gets the value indicating whether it's in the development environment or not.
            </summary>
        </member>
        <member name="M:Microsoft.Azure.WebJobs.Extensions.OpenApi.IOpenApiHttpTriggerContext.GetExecutingAssembly">
            <summary>
            Gets the executing assembly.
            </summary>
            <returns>Returns the executing assembly.</returns>
        </member>
        <member name="M:Microsoft.Azure.WebJobs.Extensions.OpenApi.IOpenApiHttpTriggerContext.SetApplicationAssemblyAsync(System.String,System.Boolean)">
            <summary>
            Sets the application assembly from the function app directory.
            </summary>
            <param name="functionAppDirectory">Function app directory.</param>
            <param name="appendBin">Value indicating whether to append the "bin" directory or not.</param>
        </member>
        <member name="M:Microsoft.Azure.WebJobs.Extensions.OpenApi.IOpenApiHttpTriggerContext.GetVisitorCollection">
            <summary>
            Gets the <see cref="T:Microsoft.Azure.WebJobs.Extensions.OpenApi.Core.Visitors.VisitorCollection"/> instance.
            </summary>
            <returns>Returns the <see cref="T:Microsoft.Azure.WebJobs.Extensions.OpenApi.Core.Visitors.VisitorCollection"/> instance.</returns>
        </member>
        <member name="M:Microsoft.Azure.WebJobs.Extensions.OpenApi.IOpenApiHttpTriggerContext.GetOpenApiSpecVersion(System.String)">
            <summary>
            Gets the <see cref="T:Microsoft.OpenApi.OpenApiSpecVersion"/> value.
            </summary>
            <param name="version">OpenAPI spec version. It can be either <c>v2</c> or <c>v3</c>.</param>
            <returns>Returns the <see cref="T:Microsoft.OpenApi.OpenApiSpecVersion"/> value.</returns>
        </member>
        <member name="M:Microsoft.Azure.WebJobs.Extensions.OpenApi.IOpenApiHttpTriggerContext.GetOpenApiSpecVersion(Microsoft.Azure.WebJobs.Extensions.OpenApi.Core.Enums.OpenApiVersionType)">
            <summary>
            Gets the <see cref="T:Microsoft.OpenApi.OpenApiSpecVersion"/> value.
            </summary>
            <param name="version"><see cref="T:Microsoft.Azure.WebJobs.Extensions.OpenApi.Core.Enums.OpenApiVersionType"/> value.</param>
            <returns>Returns the <see cref="T:Microsoft.OpenApi.OpenApiSpecVersion"/> value.</returns>
        </member>
        <member name="M:Microsoft.Azure.WebJobs.Extensions.OpenApi.IOpenApiHttpTriggerContext.GetOpenApiFormat(System.String)">
            <summary>
            Gets the <see cref="T:Microsoft.OpenApi.OpenApiFormat"/> value.
            </summary>
            <param name="format">OpenAPI document format. It can be either <c>json</c> or <c>yaml</c>.</param>
            <returns>Returns the <see cref="T:Microsoft.OpenApi.OpenApiFormat"/> value.</returns>
        </member>
        <member name="M:Microsoft.Azure.WebJobs.Extensions.OpenApi.IOpenApiHttpTriggerContext.GetOpenApiFormat(Microsoft.Azure.WebJobs.Extensions.OpenApi.Core.Enums.OpenApiFormatType)">
            <summary>
            Gets the <see cref="T:Microsoft.OpenApi.OpenApiFormat"/> value.
            </summary>
            <param name="format"><see cref="T:Microsoft.Azure.WebJobs.Extensions.OpenApi.Core.Enums.OpenApiFormatType"/> value.</param>
            <returns>Returns the <see cref="T:Microsoft.OpenApi.OpenApiFormat"/> value.</returns>
        </member>
        <member name="M:Microsoft.Azure.WebJobs.Extensions.OpenApi.IOpenApiHttpTriggerContext.GetDocumentAuthLevel(System.String)">
            <summary>
            Gets the auth level of the document rendering page endpoint.
            </summary>
            <param name="key">Environment variables key to look for.</param>
            <returns>Returns the auth level of the document rendering page endpoint.</returns>
        </member>
        <member name="M:Microsoft.Azure.WebJobs.Extensions.OpenApi.IOpenApiHttpTriggerContext.GetUIAuthLevel(System.String)">
            <summary>
            Gets the auth level of the UI rendering page endpoint.
            </summary>
            <param name="key">Environment variables key to look for.</param>
            <returns>Returns the auth level of the UI rendering page endpoint.</returns>
        </member>
        <member name="M:Microsoft.Azure.WebJobs.Extensions.OpenApi.IOpenApiHttpTriggerContext.GetSwaggerAuthKey(System.String)">
            <summary>
            Gets the API key for endpoints from environment variables.
            </summary>
            <param name="key">Environment variables key to look for.</param>
            <returns>Returns the API key for endpoints.</returns>
        </member>
        <member name="T:Microsoft.Azure.WebJobs.Extensions.OpenApi.OpenApiHttpTriggerContext">
            <summary>
            This represents the context entity for <see cref="T:Microsoft.Azure.WebJobs.Extensions.OpenApi.OpenApiTriggerFunctionProvider"/>.
            </summary>
        </member>
        <member name="M:Microsoft.Azure.WebJobs.Extensions.OpenApi.OpenApiHttpTriggerContext.#ctor">
            <summary>
            Initializes a new instance of the <see cref="T:Microsoft.Azure.WebJobs.Extensions.OpenApi.OpenApiTriggerFunctionProvider"/> class.
            </summary>
        </member>
        <member name="P:Microsoft.Azure.WebJobs.Extensions.OpenApi.OpenApiHttpTriggerContext.ApplicationAssembly">
            <inheritdoc />
        </member>
        <member name="P:Microsoft.Azure.WebJobs.Extensions.OpenApi.OpenApiHttpTriggerContext.PackageAssembly">
            <inheritdoc />
        </member>
        <member name="P:Microsoft.Azure.WebJobs.Extensions.OpenApi.OpenApiHttpTriggerContext.OpenApiConfigurationOptions">
            <inheritdoc />
        </member>
        <member name="P:Microsoft.Azure.WebJobs.Extensions.OpenApi.OpenApiHttpTriggerContext.OpenApiCustomUIOptions">
            <inheritdoc />
        </member>
        <member name="P:Microsoft.Azure.WebJobs.Extensions.OpenApi.OpenApiHttpTriggerContext.HttpSettings">
            <inheritdoc />
        </member>
        <member name="P:Microsoft.Azure.WebJobs.Extensions.OpenApi.OpenApiHttpTriggerContext.Document">
            <inheritdoc />
        </member>
        <member name="P:Microsoft.Azure.WebJobs.Extensions.OpenApi.OpenApiHttpTriggerContext.SwaggerUI">
            <inheritdoc />
        </member>
        <member name="P:Microsoft.Azure.WebJobs.Extensions.OpenApi.OpenApiHttpTriggerContext.NamingStrategy">
            <inheritdoc />
        </member>
        <member name="P:Microsoft.Azure.WebJobs.Extensions.OpenApi.OpenApiHttpTriggerContext.IsDevelopment">
            <inheritdoc />
        </member>
        <member name="M:Microsoft.Azure.WebJobs.Extensions.OpenApi.OpenApiHttpTriggerContext.GetExecutingAssembly">
            <inheritdoc />
        </member>
        <member name="M:Microsoft.Azure.WebJobs.Extensions.OpenApi.OpenApiHttpTriggerContext.SetApplicationAssemblyAsync(System.String,System.Boolean)">
            <inheritdoc />
        </member>
        <member name="M:Microsoft.Azure.WebJobs.Extensions.OpenApi.OpenApiHttpTriggerContext.GetVisitorCollection">
            <inheritdoc />
        </member>
        <member name="M:Microsoft.Azure.WebJobs.Extensions.OpenApi.OpenApiHttpTriggerContext.GetOpenApiSpecVersion(System.String)">
            <inheritdoc />
        </member>
        <member name="M:Microsoft.Azure.WebJobs.Extensions.OpenApi.OpenApiHttpTriggerContext.GetOpenApiSpecVersion(Microsoft.Azure.WebJobs.Extensions.OpenApi.Core.Enums.OpenApiVersionType)">
            <inheritdoc />
        </member>
        <member name="M:Microsoft.Azure.WebJobs.Extensions.OpenApi.OpenApiHttpTriggerContext.GetOpenApiFormat(System.String)">
            <inheritdoc />
        </member>
        <member name="M:Microsoft.Azure.WebJobs.Extensions.OpenApi.OpenApiHttpTriggerContext.GetOpenApiFormat(Microsoft.Azure.WebJobs.Extensions.OpenApi.Core.Enums.OpenApiFormatType)">
            <inheritdoc />
        </member>
        <member name="M:Microsoft.Azure.WebJobs.Extensions.OpenApi.OpenApiHttpTriggerContext.GetDocumentAuthLevel(System.String)">
            <inheritdoc />
        </member>
        <member name="M:Microsoft.Azure.WebJobs.Extensions.OpenApi.OpenApiHttpTriggerContext.GetUIAuthLevel(System.String)">
            <inheritdoc />
        </member>
        <member name="M:Microsoft.Azure.WebJobs.Extensions.OpenApi.OpenApiHttpTriggerContext.GetSwaggerAuthKey(System.String)">
            <inheritdoc />
        </member>
        <member name="T:Microsoft.Azure.WebJobs.Extensions.OpenApi.OpenApiTriggerFunctionProvider">
            <summary>
            This represents the function provider entity for Open API HTTP triggers.
            </summary>
            <summary>
            This represents the function provider entity for Open API HTTP triggers.
            </summary>
        </member>
        <member name="M:Microsoft.Azure.WebJobs.Extensions.OpenApi.OpenApiTriggerFunctionProvider.#ctor(Microsoft.Azure.WebJobs.Extensions.OpenApi.Configurations.OpenApiSettings)">
            <summary>
            Initializes a new instance of the <see cref="T:Microsoft.Azure.WebJobs.Extensions.OpenApi.OpenApiTriggerFunctionProvider"/> class.
            </summary>
        </member>
        <member name="P:Microsoft.Azure.WebJobs.Extensions.OpenApi.OpenApiTriggerFunctionProvider.FunctionErrors">
            <inheritdoc />
        </member>
        <member name="M:Microsoft.Azure.WebJobs.Extensions.OpenApi.OpenApiTriggerFunctionProvider.GetFunctionMetadataAsync">
            <inheritdoc />
        </member>
        <member name="M:Microsoft.Azure.WebJobs.Extensions.OpenApi.OpenApiTriggerFunctionProvider.RenderSwaggerDocument(Microsoft.AspNetCore.Http.HttpRequest,System.String,Microsoft.Azure.WebJobs.ExecutionContext,Microsoft.Extensions.Logging.ILogger)">
            <summary>
            Invokes the HTTP trigger endpoint to get Open API document.
            </summary>
            <param name="req"><see cref="T:Microsoft.AspNetCore.Http.HttpRequest"/> instance.</param>
            <param name="extension">File extension representing the document format. This MUST be either "json" or "yaml".</param>
            <param name="ctx"><see cref="T:Microsoft.Azure.WebJobs.ExecutionContext"/> instance.</param>
            <param name="log"><see cref="T:Microsoft.Extensions.Logging.ILogger"/> instance.</param>
            <returns>Open API document in a format of either JSON or YAML.</returns>
        </member>
        <member name="M:Microsoft.Azure.WebJobs.Extensions.OpenApi.OpenApiTriggerFunctionProvider.RenderOpenApiDocument(Microsoft.AspNetCore.Http.HttpRequest,System.String,System.String,Microsoft.Azure.WebJobs.ExecutionContext,Microsoft.Extensions.Logging.ILogger)">
            <summary>
            Invokes the HTTP trigger endpoint to get Open API document.
            </summary>
            <param name="req"><see cref="T:Microsoft.AspNetCore.Http.HttpRequest"/> instance.</param>
            <param name="version">Open API document spec version. This MUST be either "v2" or "v3".</param>
            <param name="extension">File extension representing the document format. This MUST be either "json" or "yaml".</param>
            <param name="ctx"><see cref="T:Microsoft.Azure.WebJobs.ExecutionContext"/> instance.</param>
            <param name="log"><see cref="T:Microsoft.Extensions.Logging.ILogger"/> instance.</param>
            <returns>Open API document in a format of either JSON or YAML.</returns>
        </member>
        <member name="M:Microsoft.Azure.WebJobs.Extensions.OpenApi.OpenApiTriggerFunctionProvider.RenderSwaggerUI(Microsoft.AspNetCore.Http.HttpRequest,Microsoft.Azure.WebJobs.ExecutionContext,Microsoft.Extensions.Logging.ILogger)">
            <summary>
            Invokes the HTTP trigger endpoint to render Swagger UI in HTML.
            </summary>
            <param name="req"><see cref="T:Microsoft.AspNetCore.Http.HttpRequest"/> instance.</param>
            <param name="ctx"><see cref="T:Microsoft.Azure.WebJobs.ExecutionContext"/> instance.</param>
            <param name="log"><see cref="T:Microsoft.Extensions.Logging.ILogger"/> instance.</param>
            <returns>Swagger UI in HTML.</returns>
        </member>
        <member name="M:Microsoft.Azure.WebJobs.Extensions.OpenApi.OpenApiTriggerFunctionProvider.RenderOAuth2Redirect(Microsoft.AspNetCore.Http.HttpRequest,Microsoft.Azure.WebJobs.ExecutionContext,Microsoft.Extensions.Logging.ILogger)">
            <summary>
            Invokes the HTTP trigger endpoint to render oauth2-redirect.html.
            </summary>
            <param name="req"><see cref="T:Microsoft.AspNetCore.Http.HttpRequest"/> instance.</param>
            <param name="ctx"><see cref="T:Microsoft.Azure.WebJobs.ExecutionContext"/> instance.</param>
            <param name="log"><see cref="T:Microsoft.Extensions.Logging.ILogger"/> instance.</param>
            <returns>oauth2-redirect.html.</returns>
        </member>
        <member name="T:Microsoft.Azure.WebJobs.Extensions.OpenApi.OpenApiWebJobsStartup">
            <summary>
            This represents the startup entity for Open API endpoints registration
            </summary>
        </member>
        <member name="M:Microsoft.Azure.WebJobs.Extensions.OpenApi.OpenApiWebJobsStartup.Configure(Microsoft.Azure.WebJobs.IWebJobsBuilder)">
            <inheritdoc />
        </member>
    </members>
</doc>
