{
  "IsEncrypted": false,
  "Values": {
    "AzureWebJobsStorage": "UseDevelopmentStorage=true",
    "FUNCTIONS_WORKER_RUNTIME": "dotnet",
    "TenantName": "dwdev365",
    "TenantId": "60f0048e-13a7-4c40-8f44-7144a0074cce",
    "ServiceAccountAuthAppClientId": "7f479dbd-9038-4734-b022-f4b71761e829", // JimBeezyApiApp
    "ServiceAccountAuthAppClientSecret": "i84_TQJeyBaaZ~5Ziw5o~_YFPOV8n1R~Y~",
    "ServiceAccount": "svc_beezy@dwdev365.onmicrosoft.com",
    "ServiceAccountPassword": "BeezyService!123",
    "BeezyApiSiteName": "dwdev365beezy",
    "BeezySharePointSiteName": "beezy",
    "QueueConnectionString": "DefaultEndpointsProtocol=https;AccountName=stsystemtaskmanager;AccountKey=w2hfvYSO+45xjl20nIgR3Kt8Jkc2lkXIdRuhbGXdos7u2tljYDbIN2ft65jzQid5NjKXHhBfnQcrD3SYqNJycg==;EndpointSuffix=core.windows.net",
    "TasksQueueName": "tasks",
    "CosmosDBConnectionString": "AccountEndpoint=https://cosmos-task-manager.documents.azure.com:443/;AccountKey=c17dxaKcfpUn7WCeWei4JV01wO5eDGUUvhrP3ZV03K9RuMKmBOnsQAfOHpAR8Sn5tfnCq29KzK8ctyOnrrGQIA==;",
    "CosmosDatabaseId": "DW",
    "TasksContainerId": "Tasks",
    "ActivityCardsContainerId": "ActivityCards"
  }
}