{
  "$schema": "https://developer.microsoft.com/json-schemas/spfx/client-side-web-part-manifest.schema.json",
  "id": "b4e13a96-55e6-4852-bff2-cf76158d3117",
  "alias": "DashboardWebPart",
  "componentType": "WebPart",

  // The "*" signifies that the version should be taken from the package.json
  "version": "*",
  "manifestVersion": 2,

  // If true, the component can only be installed on sites where Custom Script is allowed.
  // Components that allow authors to embed arbitrary script code should set this to true.
  // https://support.office.com/en-us/article/Turn-scripting-capabilities-on-or-off-1f2c515f-5d7e-448a-9fd7-835da935584f
  "requiresCustomScript": false,
  "supportedHosts": ["SharePointWebPart","SharePointFullPage"],

  "preconfiguredEntries": [{
    "groupId": "5c03119e-3074-46fd-976b-c60198311f70", // Other
    "group": { "default": "Other" },
    "title": { "default": "Dashboard" },
    "description": { "default": "Digital Workplace Dashboard" },
    "officeFabricIconFontName": "Page",
    "properties": {
      "description": "DW Dashboard",
      "taskManagerApiUrl":"https://func-system-task-manager.azurewebsites.net",
      "dwLandingPageUrl" : "https://dwdev365.sharepoint.com/sites/beezy",
      "applicationId" : "74a8704e-f5e6-4002-ab71-909a124b940c"
    }
  }]
}
  