{
  "IsEncrypted": false,
  "Values": {
    "AzureWebJobsStorage": "UseDevelopmentStorage=true",
    "FUNCTIONS_WORKER_RUNTIME": "dotnet",
    "TenantName": "dwdev365",
    "TenantId": "60f0048e-13a7-4c40-8f44-7144a0074cce",
    "OnBehalfOfUserAuthAppClientId": "a16310d6-35fa-49bd-b55b-70a79b78228a", // JimBackEndApp
    "OnBehalfOfUserAuthAppClientSecret": "7gfgU_-G86dgfv~0LSp6h~lmE1r8WUZtE~",
    "ServiceAccountAuthAppClientId": "7f479dbd-9038-4734-b022-f4b71761e829", // JimBeezyApiApp
    "ServiceAccountAuthAppClientSecret": "i84_TQJeyBaaZ~5Ziw5o~_YFPOV8n1R~Y~",
    "ServiceAccount": "svc_beezy@dwdev365.onmicrosoft.com",
    "ServiceAccountPassword": "BeezyService!123",
    "BeezyApiSiteName": "dwdev365beezy",
    "BeezySharePointSiteName": "beezytest",
    "AzureTranslationUrl": "https://api.cognitive.microsofttranslator.com",
    "AzureTranslationRegion": "westeurope",
    "AzureTranslationKey": "5b1f4a28b3894d8fa3375fdcbc2b3ee9"
  }
}