{
  "$schema": "https://developer.microsoft.com/json-schemas/spfx/client-side-web-part-manifest.schema.json",
  "id": "a8d470b5-eacf-4478-9be1-a5beb18a435e",
  "alias": "BeezyAdminWebPart",
  "componentType": "WebPart",

  // The "*" signifies that the version should be taken from the package.json
  "version": "*",
  "manifestVersion": 2,

  // If true, the component can only be installed on sites where Custom Script is allowed.
  // Components that allow authors to embed arbitrary script code should set this to true.
  // https://support.office.com/en-us/article/Turn-scripting-capabilities-on-or-off-1f2c515f-5d7e-448a-9fd7-835da935584f
  "requiresCustomScript": false,
  "supportedHosts": ["SharePointWebPart", "TeamsPersonalApp", "TeamsTab", "SharePointFullPage"], 
  "loadLegacyFabricCss":true,
  "supportsThemeVariants": true,

  "preconfiguredEntries": [{
    "groupId": "5c03119e-3074-46fd-976b-c60198311f70", // Other
    "group": { "default": "Other" },
    "title": { "default": "Beezy Admin" },
    "description": { "default": "Beezy Admin description" },
    "officeFabricIconFontName": "AnalyticsView",    
    "properties": {
      "description": "Beezy Admin",
      "beezyAdminApiUrl":"https://func-beezy-admin.azurewebsites.net",
      "dwLandingPageUrl" : "https://dwdev365.sharepoint.com/sites/beezy",
      "authenticationEnabled": true,
      "applicationId" : "482377f0-9b16-4152-8e7e-784236152eb5",
      "scopes": "api://4165b89e-8161-418b-8088-957f3849ed5a/user_impersonation"      
    }
  }]
}
