{
  "IsEncrypted": false,
  "Values": {
    "AzureWebJobsStorage": "UseDevelopmentStorage=true",
    "FUNCTIONS_WORKER_RUNTIME": "dotnet-isolated",
    "TestQueriesPermitted": true,
    "TenantName": "dwdev365",
    "BeezyApiSiteName": "dwdev365beezy.azurewebsites.net",
    "BeezySharePointSiteName": "beezy",
    "TenantId": "60f0048e-13a7-4c40-8f44-7144a0074cce",
    "ServiceAccountAuthAppClientId": "7f479dbd-9038-4734-b022-f4b71761e829", // JimBeezyApiApp (beezy authentication app registration)
    "ServiceAccountAuthAppClientSecret": "i84_TQJeyBaaZ~5Ziw5o~_YFPOV8n1R~Y~", // client secret used for JimBeezyApiApp
    "ServiceAccount": "svc_beezy@dwdev365.onmicrosoft.com", // beezy service account (global admin) used for JimBeezyApiApp
    "ServiceAccountPassword": "BeezyService!123", // beezy service account password used for JimBeezyApiApp
    "ProxyAddress": "http://172.17.101.70:3128"
  }
}