{
  "$schema": "https://developer.microsoft.com/json-schemas/spfx/client-side-web-part-manifest.schema.json",
  "id": "4fee1928-cf1d-4ab2-870f-baf7ea5aa8cd",
  "alias": "DashboardWebPart",
  "componentType": "WebPart",

  // The "*" signifies that the version should be taken from the package.json
  "version": "*",
  "manifestVersion": 2,

  // If true, the component can only be installed on sites where Custom Script is allowed.
  // Components that allow authors to embed arbitrary script code should set this to true.
  // https://support.office.com/en-us/article/Turn-scripting-capabilities-on-or-off-1f2c515f-5d7e-448a-9fd7-835da935584f
  "requiresCustomScript": false,
  "supportedHosts": ["SharePointWebPart", "TeamsPersonalApp", "TeamsTab", "SharePointFullPage"], 
  "loadLegacyFabricCss":true,
  "supportsThemeVariants": true,

  /*
  Use the following to toggle between an SPA and Article page:
    Connect-PnPOnline -Url https://dwdev365.sharepoint.com/sites/beezy
    Set-PnPPage -Identity "DW-Dashboard" -LayoutType Article
    Set-PnPPage -Identity "DW-Dashboard" -LayoutType SingleWebPartAppPage
  */
  "preconfiguredEntries": [{
    "groupId": "5c03119e-3074-46fd-976b-c60198311f70",
    "group": { "default": "Other" },
    "title": { "default": "Dashboard" },
    "description": { "default": "DW Tasks SPO Dashboard" },
    "officeFabricIconFontName": "TaskManager",
    "properties": {
      "description": "DW Dashboard",
      "taskManagerApiUrl":"https://func-system-task-manager.azurewebsites.net",
      "dwLandingPageUrl" : "https://dwdev365.sharepoint.com/sites/beezy",
      "applicationId" : "482377f0-9b16-4152-8e7e-784236152eb5",
      "scopes": "api://5874b582-9156-4eec-a059-7a3df8dcf3a7/user_impersonation"
    }
  }]
}
