{
    "collectCoverage": true,
    "coverageDirectory": "<rootDir>/../temp/test",
    "collectCoverageFrom": [
      "<rootDir>/**/*.{ts,tsx}",
      "!<rootDir>/**/*.scss.*",
      "!<rootDir>/**/webparts/**/*.ts",
      "!<rootDir>/loc/**/*.*"
    ],
    "coverageReporters": [
      "json",
      "lcov",
      "text-summary"
    ],
    "coverageThreshold": {
      "global": {
        "branches": 50,
        "functions": 90,
        "lines": 100,
        "statements": 100
      }
    },
    "globals": {
      "ts-jest": {
        "diagnostics": {
          "ignoreCodes":  "TS151001"
        }
      }
    },
    "moduleFileExtensions": [
      "ts",
      "tsx",
      "js",
      "json"
    ],
    "moduleNameMapper": {
      "\\.(css|scss)$": "identity-obj-proxy",
      "^resx-strings/en-us.json": "<rootDir>/../node_modules/@microsoft/sp-core-library/lib/resx-strings/en-us.json"
    },
    "reporters": [
      "default",
      [
        "jest-junit",
        {
          "outputDirectory": "temp/test",
          "outputName": "junit.xml"
        }
      ]
    ],
    "rootDir": "../src",
    "testMatch": [
      "**/src/**/*.test.+(ts|tsx|js)"
    ],
    "testURL": "http://localhost",
    "transform": {
      "^.+\\.(ts|tsx)$": "ts-jest"
    },
    "verbose": true
  }