{
  "$schema": "https://developer.microsoft.com/json-schemas/spfx-build/package-solution.schema.json",
  "solution": {
    "name": "dw-beezy-spo-admin-client-side-solution",
    "id": "34888236-4f71-4669-9234-f1d1ce6878a0",
    "version": "1.0.5.0",
    "includeClientSideAssets": true,
    "isDomainIsolated": false,
    "developer": {
      "name": "",
      "websiteUrl": "",
      "privacyUrl": "",
      "termsOfUseUrl": "",
      "mpnId": "Undefined-1.13.1"
    }
  },
  "paths": {
    "zippedPackage": "solution/dw-beezy-spo-admin.sppkg"
  }
}
