{
  "IsEncrypted": false,
  "Values": {
    "AzureWebJobsStorage": "UseDevelopmentStorage=true",
    "FUNCTIONS_WORKER_RUNTIME": "dotnet",
    "CosmosDBConnectionString": "AccountEndpoint=https://cosmos-task-manager.documents.azure.com:443/;AccountKey=c17dxaKcfpUn7WCeWei4JV01wO5eDGUUvhrP3ZV03K9RuMKmBOnsQAfOHpAR8Sn5tfnCq29KzK8ctyOnrrGQIA==;",
    "CosmosDatabaseId": "DW",
    "TasksContainerId": "Tasks",
    "QueueConnectionString": "DefaultEndpointsProtocol=https;AccountName=stsystemtaskmanager;AccountKey=w2hfvYSO+45xjl20nIgR3Kt8Jkc2lkXIdRuhbGXdos7u2tljYDbIN2ft65jzQid5NjKXHhBfnQcrD3SYqNJycg==;EndpointSuffix=core.windows.net",
    "TasksQueueName": "tasks"
  }
}